,precision,recall,f1-score,support
Alluvial soil,0.9753086419753086,1.0,0.9875,79.0
Clay soil,1.0,1.0,1.0,30.0
Red soil,1.0,1.0,1.0,40.0
Black Soil,1.0,0.9428571428571428,0.9705882352941176,35.0
accuracy,0.9891304347826086,0.9891304347826086,0.9891304347826086,0.9891304347826086
macro avg,0.9938271604938271,0.9857142857142858,0.9895220588235294,184.0
weighted avg,0.989398819108964,0.9891304347826086,0.9890385230179027,184.0
