{
    "classification_report": {
        "Alluvial soil": {
            "precision": 0.9753086419753086,
            "recall": 1.0,
            "f1-score": 0.9875,
            "support": 79
        },
        "Clay soil": {
            "precision": 1.0,
            "recall": 1.0,
            "f1-score": 1.0,
            "support": 30
        },
        "Red soil": {
            "precision": 1.0,
            "recall": 1.0,
            "f1-score": 1.0,
            "support": 40
        },
        "Black Soil": {
            "precision": 1.0,
            "recall": 0.9428571428571428,
            "f1-score": 0.9705882352941176,
            "support": 35
        },
        "accuracy": 0.9891304347826086,
        "macro avg": {
            "precision": 0.9938271604938271,
            "recall": 0.9857142857142858,
            "f1-score": 0.9895220588235294,
            "support": 184
        },
        "weighted avg": {
            "precision": 0.989398819108964,
            "recall": 0.9891304347826086,
            "f1-score": 0.9890385230179027,
            "support": 184
        }
    },
    "confusion_matrix": [
        [
            79,
            0,
            0,
            0
        ],
        [
            0,
            30,
            0,
            0
        ],
        [
            0,
            0,
            40,
            0
        ],
        [
            2,
            0,
            0,
            33
        ]
    ],
    "accuracy": 0.9891304347826086
}