{
    "accuracy": 0.9549071618037135,
    "precision": 0.9548422192667468,
    "recall": 0.9549071618037135,
    "f1_score": 0.9548673533616082,
    "confusion_matrix": [
        [
            123,
            9
        ],
        [
            8,
            237
        ]
    ]
}